,site,mutation,instances,gene,epitope,replacement,NCR,CAR,Region I,Region II,Region III,Region IV-A,Region IV-B,Region V,Region VI,Region VII,Region VIII,Region IX,Region X,Region XI,Region XII,Caraga,BARMM
0,21567,L5F,1,S,,Conservative,0,0,0,0,0,0,0,0,0,0,0,1,0,0,0,0,0
1,21574,S12F,10,S,T cell,Radical,0,0,0,0,1,6,1,0,0,0,0,0,0,0,0,0,0
2,21656,S94F,4,S,,Radical,0,0,0,0,0,0,0,0,0,4,0,0,0,0,0,0,0
3,21725,A163V,1,S,,Conservative,0,0,0,0,0,0,0,0,0,0,0,0,0,1,0,0,0
4,21871,E309K,1,S,B cell,Conservative,1,0,0,0,0,0,0,0,0,0,0,0,0,0,0,0,0
5,21976,Q414K,1,S,T cell,Conservative,0,0,0,0,0,1,0,0,0,0,0,0,0,0,0,0,0
6,21988,P426R,1,S,,Radical,0,0,0,0,0,0,0,0,0,0,0,0,0,1,0,0,0
7,22046,E484K,33,S,,Conservative,3,0,0,0,0,0,0,0,0,29,0,0,0,1,0,0,0
8,22063,N501Y,72,S,T cell,Radical,19,19,0,0,1,0,0,0,0,30,0,0,0,3,0,0,0
9,22132,A570D,39,S,B cell,Radical,16,19,0,0,1,0,0,0,0,2,0,0,1,0,0,0,0
10,22176,D614G,108,S,T cell,Conservative,19,19,0,0,2,27,2,0,0,31,0,1,1,4,0,0,0
11,22204,V642L,2,S,,Conservative,0,0,0,0,0,2,0,0,0,0,0,0,0,0,0,0,0
12,22229,G667S,1,S,,Conservative,0,0,0,0,0,1,0,0,0,0,0,0,0,0,0,0,0
13,22237,Q675H,1,S,,Conservative,0,0,0,0,0,1,0,0,0,0,0,0,0,0,0,0,0
14,22239,Q677H,1,S,T cell,Conservative,0,0,0,0,0,0,1,0,0,0,0,0,0,0,0,0,0
15,22243,P681R,2,S,T cell,Radical,1,0,0,0,1,0,0,0,0,0,0,0,0,0,0,0,0
16,22243,P681H,74,S,T cell,Conservative,18,19,0,0,0,2,0,0,0,30,0,0,1,4,0,0,0
17,22278,T716I,42,S,T cell,Conservative,16,19,0,0,1,2,0,0,0,1,0,0,0,3,0,0,0
18,22355,P793L,1,S,,Conservative,1,0,0,0,0,0,0,0,0,0,0,0,0,0,0,0,0
19,22421,T859I,2,S,,Conservative,0,0,0,0,0,2,0,0,0,0,0,0,0,0,0,0,0
20,22501,S939F,1,S,,Radical,0,0,0,0,0,0,0,0,0,0,0,0,0,0,0,0,0
21,22519,Q957L,1,S,,Radical,0,0,0,0,0,0,0,0,0,0,0,1,0,0,0,0,0
22,22544,S982A,38,S,T cell,Conservative,16,19,0,0,1,0,0,0,0,1,0,0,0,1,0,0,0
23,22654,E1092K,33,S,,Conservative,3,0,0,0,0,0,0,0,0,29,0,0,0,1,0,0,0
24,22663,H1101Y,33,S,,Conservative,3,0,0,0,0,0,0,0,0,29,0,0,0,1,0,0,0
25,22680,D1118H,41,S,,Conservative,16,19,0,0,1,1,0,0,0,1,0,0,1,2,0,0,0
26,22724,P1162L,1,S,,Conservative,0,1,0,0,0,0,0,0,0,0,0,0,0,0,0,0,0
27,22738,V1176F,35,S,T cell,Conservative,3,0,0,0,0,1,0,0,0,29,0,0,0,2,0,0,0
28,22764,E1202Q,1,S,,Conservative,0,0,0,0,0,0,0,0,0,0,0,0,0,0,0,0,0
29,26265,L21F,1,E,,Conservative,0,0,0,0,0,1,0,0,0,0,0,0,0,0,0,0,0
30,26305,R61C,1,E,,Radical,0,0,0,0,0,0,0,0,0,0,0,0,0,0,0,0,0
31,26308,N64S,1,E,,Conservative,0,0,0,0,0,0,0,0,0,0,0,0,0,1,0,0,0
32,26319,V75L,3,E,,Conservative,0,0,0,0,0,1,0,0,0,0,0,0,1,1,0,0,0
33,26631,M109I,1,M,,Conservative,1,0,0,0,0,0,0,0,0,0,0,0,0,0,0,0,0
34,28276,D3L,37,N,,Radical,13,19,0,0,1,1,0,0,0,2,0,0,1,0,0,0,0
35,28280,Q7K,2,N,T cell,Conservative,0,0,0,0,0,2,0,0,0,0,0,0,0,0,0,0,0
36,28285,A12G,1,N,T cell,Conservative,0,0,0,0,1,0,0,0,0,0,0,0,0,0,0,0,0
37,28286,P13L,19,N,T cell,Conservative,12,0,0,0,0,0,0,0,0,0,0,0,0,0,0,0,0
38,28291,G18S,1,N,,Conservative,0,0,0,0,0,1,0,0,0,0,0,0,0,0,0,0,0
39,28298,G25C,1,N,,Radical,0,1,0,0,0,0,0,0,0,0,0,0,0,0,0,0,0
40,28313,R40C,1,N,,Radical,0,0,0,0,0,1,0,0,0,0,0,0,0,0,0,0,0
41,28351,S78G,1,N,T cell,Conservative,1,0,0,0,0,0,0,0,0,0,0,0,0,0,0,0,0
42,28435,P162L,1,N,B cell,Conservative,1,0,0,0,0,0,0,0,0,0,0,0,0,0,0,0,0
43,28476,R203K,80,N,,Conservative,16,19,0,0,1,8,1,0,0,30,0,1,0,2,0,0,0
44,28477,G204R,81,N,,Radical,17,19,0,0,1,8,1,0,0,30,0,1,0,2,0,0,0
45,28485,G212C,1,N,,Radical,0,0,0,0,0,0,0,0,0,1,0,0,0,0,0,0,0
46,28488,G215D,1,N,,Conservative,1,0,0,0,0,0,0,0,0,0,0,0,0,0,0,0,0
47,28508,S235F,36,N,,Radical,15,19,0,0,1,0,0,0,0,1,0,0,0,0,0,0,0
48,28621,D348H,1,N,,Conservative,0,0,0,0,0,0,0,0,0,1,0,0,0,0,0,0,0
49,28656,P383L,1,N,B cell,Conservative,0,0,0,0,0,0,0,0,0,0,0,0,0,1,0,0,0
50,28671,A398V,1,N,B cell,Conservative,0,0,0,0,0,1,0,0,0,0,0,0,0,0,0,0,0
