Virus name	Accession ID	Collection date	Location	Host	Additional location information	Sampling strategy	Gender	Patient age	Patient status	Last vaccinated	Passage	Specimen	Additional host information	Lineage	Clade	AA Substitutions
hCoV-19/Philippines/PH-PGC-02408/2021	EPI_ISL_1081810	2021-01-07	Asia / Philippines / National Capital Region	Human			Female	29	unknown		Original	Nasopharyngeal swab		B.1.1.7	GRY	(Spike_H69del,NS8_Q27stop,NSP3_T183I,Spike_T716I,NS8_K68stop,NSP6_S106del,N_R203K,Spike_A570D,Spike_N501Y,NSP3_I1412T,NS8_R52I,Spike_P681H,Spike_Y144del,NSP6_G107del,NSP3_A890D,Spike_D1118H,NSP6_F108del,NS8_Y73C,N_G204R,Spike_V70del,NSP12_P323L,Spike_D614G,N_D3L,Spike_S982A,N_S235F)
hCoV-19/Philippines/PH-PGC-02434/2021	EPI_ISL_1081811	2021-01-12	Asia / Philippines / National Capital Region	Human			Female	47	unknown		Original	Nasopharyngeal swab		B.1.1.7	GRY	(Spike_H69del,NS3_L15F,NS8_Q27stop,NSP2_A510V,NSP3_T183I,Spike_T716I,NSP6_S106del,N_R203K,Spike_A570D,NSP13_K460R,NSP4_F17L,Spike_N501Y,NSP3_I1412T,NS8_R52I,Spike_P681H,Spike_Y144del,NSP6_G107del,NSP3_A890D,Spike_D1118H,NSP6_F108del,NS8_Y73C,N_G204R,Spike_V70del,NSP12_P323L,Spike_D614G,N_D3L,Spike_S982A,N_S235F)
hCoV-19/Philippines/PH-PGC-02630/2021	EPI_ISL_1081812	2021-01-16	Asia / Philippines / National Capital Region	Human	Patient has a history of travel from DUBAI		Male	32	unknown		Original	Nasopharyngeal swab		B.1.1.7	GRY	(Spike_H69del,NS8_Q27stop,NSP3_T183I,Spike_T716I,NSP6_S106del,N_R203K,Spike_A570D,Spike_N501Y,NSP3_I1412T,NS8_R52I,Spike_P681H,Spike_Y144del,NSP6_G107del,NSP3_A890D,Spike_D1118H,NSP6_F108del,NS8_Y73C,N_G204R,Spike_V70del,NSP12_P323L,Spike_D614G,N_D3L,Spike_S982A,N_S235F)
hCoV-19/Philippines/PH-PGC-02730/2021	EPI_ISL_1081814	2021-01-16	Asia / Philippines / National Capital Region	Human			Female	50	unknown		Original	Nasopharyngeal swab		B.1.1.7	GRY	(Spike_H69del,NS8_Q27stop,NSP3_T183I,Spike_T716I,NSP6_S106del,N_R203K,Spike_A570D,Spike_N501Y,NSP3_I1412T,NS8_R52I,Spike_P681H,Spike_Y144del,N_P162L,NSP2_L550F,NSP6_G107del,NSP3_A890D,Spike_D1118H,NSP6_F108del,NS8_Y73C,N_G204R,Spike_V70del,NSP12_P323L,Spike_D614G,N_D3L,Spike_S982A,NSP3_S1467F,N_S235F)
hCoV-19/Philippines/PH-PGC-02732/2021	EPI_ISL_1081815	2021-01-17	Asia / Philippines / National Capital Region	Human			Male	53	unknown		Original	Nasopharyngeal swab		B.1.1.7	GRY	(Spike_H69del,NS8_Q27stop,NSP3_T183I,Spike_T716I,NSP6_S106del,N_R203K,Spike_A570D,NS3_W131C,Spike_N501Y,NSP3_I1412T,NS8_R52I,Spike_P681H,Spike_Y144del,N_S78G,NSP6_G107del,NSP3_A890D,Spike_D1118H,NSP6_F108del,NS8_Y73C,N_G204R,Spike_V70del,Spike_E309K,NSP12_P323L,Spike_D614G,N_D3L,Spike_S982A,N_S235F)
hCoV-19/Philippines/PH-PGC-02733/2021	EPI_ISL_1081816	2021-01-17	Asia / Philippines / National Capital Region	Human			Female	40	unknown		Original	Nasopharyngeal swab		B.1.1.7	GRY	(Spike_H69del,NS8_Q27stop,NSP3_T183I,Spike_T716I,NS8_K68stop,NSP6_S106del,N_R203K,Spike_A570D,Spike_N501Y,NSP13_L256F,NSP3_I1412T,NS8_R52I,Spike_P681H,Spike_Y144del,NSP6_G107del,NSP3_A890D,Spike_D1118H,NSP6_F108del,NS8_Y73C,N_G204R,Spike_V70del,NSP12_P323L,Spike_D614G,N_D3L,Spike_S982A,N_S235F)
hCoV-19/Philippines/PH-PGC-02793/2021	EPI_ISL_1081821	2021-01-19	Asia / Philippines / Central Visayas	Human			Male	54	unknown		Original	Nasopharyngeal swab		B.1.1.7	GRY	(Spike_H69del,NS8_Q27stop,NSP3_T183I,Spike_T716I,NS8_K68stop,NSP6_S106del,N_R203K,Spike_A570D,Spike_N501Y,NSP3_I1412T,NS8_R52I,Spike_P681H,Spike_Y144del,NSP6_G107del,NSP3_A890D,Spike_D1118H,NSP6_F108del,NS8_Y73C,N_G204R,Spike_V70del,NSP12_P323L,Spike_D614G,N_D3L,Spike_S982A,N_S235F)
hCoV-19/Philippines/PH-PGC-02812/2021	EPI_ISL_1081822	2021-01-24	Asia / Philippines / Cordillera Administrative Region	Human			Male	84	unknown		Original	Nasopharyngeal swab		B.1.1.7	GRY	(Spike_H69del,NS8_Q27stop,NSP3_T183I,Spike_T716I,NSP6_S106del,N_R203K,Spike_A570D,Spike_N501Y,NSP3_I1412T,NS8_R52I,Spike_P681H,Spike_Y144del,NSP15_S288F,NSP2_L550F,NSP6_G107del,NSP3_A890D,Spike_D1118H,NSP6_F108del,NS8_Y73C,N_G204R,Spike_V70del,NSP12_P323L,Spike_D614G,N_D3L,Spike_S982A,N_S235F)
hCoV-19/Philippines/PH-PGC-02826/2021	EPI_ISL_1081823	2021-01-21	Asia / Philippines / Cordillera Administrative Region	Human			Male	31	unknown		Original	Nasopharyngeal swab		B.1.1.7	GRY	(Spike_H69del,NS8_Q27stop,NSP3_T183I,Spike_T716I,NSP6_S106del,N_R203K,Spike_A570D,Spike_N501Y,NSP3_I1412T,NS8_R52I,NSP12_D284Y,Spike_P681H,Spike_Y144del,NSP2_L550F,NSP6_G107del,NSP3_A890D,Spike_D1118H,NSP6_F108del,Spike_P1162L,NS8_Y73C,N_G204R,Spike_V70del,NSP12_P323L,Spike_D614G,N_D3L,Spike_S982A,N_S235F)
hCoV-19/Philippines/PH-PGC-02845/2021	EPI_ISL_1081824	2021-01-13	Asia / Philippines / Cordillera Administrative Region	Human			Female	54	unknown		Original	Nasopharyngeal swab		B.1.1.7	GRY	(Spike_H69del,NS8_Q27stop,NSP3_T183I,Spike_T716I,NSP6_S106del,N_R203K,Spike_A570D,Spike_N501Y,NSP3_I1412T,NS8_R52I,Spike_P681H,Spike_Y144del,NSP2_L550F,NSP6_G107del,NSP3_A890D,Spike_D1118H,NSP6_F108del,NS8_Y73C,N_G204R,Spike_V70del,NSP12_P323L,Spike_D614G,N_D3L,Spike_S982A,N_S235F)
hCoV-19/Philippines/PH-PGC-02851/2021	EPI_ISL_1081825	2021-01-11	Asia / Philippines / Cordillera Administrative Region	Human			Female	16	unknown		Original	Nasopharyngeal swab		B.1.1.7	GRY	(Spike_H69del,NS8_Q27stop,NSP3_T183I,Spike_T716I,NSP6_S106del,N_R203K,Spike_A570D,Spike_N501Y,NSP3_I1412T,NS8_R52I,Spike_P681H,Spike_Y144del,NSP2_L550F,NSP6_G107del,NSP3_A890D,Spike_D1118H,NSP6_F108del,NS8_Y73C,N_G204R,Spike_V70del,NSP12_P323L,Spike_D614G,N_D3L,Spike_S982A,N_S235F)
hCoV-19/Philippines/PH-PGC-02886/2021	EPI_ISL_1081826	2021-01-16	Asia / Philippines / Cordillera Administrative Region	Human			Female	25	unknown		Original	Nasopharyngeal swab		B.1.1.7	GRY	(Spike_H69del,NS8_Q27stop,NSP3_T183I,Spike_T716I,NSP6_S106del,N_R203K,Spike_A570D,Spike_N501Y,NSP3_I1412T,NS8_R52I,Spike_P681H,Spike_Y144del,NSP2_L550F,NSP6_G107del,NSP3_A890D,Spike_D1118H,NSP6_F108del,NS8_Y73C,N_G204R,Spike_V70del,NSP12_P323L,Spike_D614G,N_D3L,Spike_S982A,N_S235F)
hCoV-19/Philippines/PH-PGC-03846/2021	EPI_ISL_1081830	2021-01-24	Asia / Philippines / National Capital Region	Human			Female	46	unknown		Original	Nasopharyngeal swab		B.1.1.7	GRY	(Spike_H69del,NS8_Q27stop,NSP3_T183I,NSP13_A509V,Spike_T716I,NSP6_S106del,N_R203K,Spike_A570D,Spike_N501Y,NSP3_I1412T,NS8_R52I,Spike_P681H,Spike_Y144del,NSP2_L550F,NSP6_G107del,NSP3_A890D,Spike_D1118H,NSP6_F108del,NS8_Y73C,N_G204R,Spike_V70del,NSP12_P323L,Spike_D614G,N_D3L,Spike_S982A,N_S235F)
hCoV-19/Philippines/PH-PGC-03939/2021	EPI_ISL_1081831	2021-01-31	Asia / Philippines / Central Luzon	Human			Female	38	unknown		Original	Nasopharyngeal swab		B.1.1.7	GRY	(Spike_H69del,NS8_Q27stop,NSP3_T183I,Spike_T716I,NSP6_S106del,N_R203K,Spike_A570D,NSP8_Q24R,NSP13_K460R,Spike_P681R,Spike_N501Y,NSP3_I1412T,NS8_R52I,Spike_Y144del,NSP3_T749A,NSP3_A1502V,NSP6_G107del,NSP3_A890D,Spike_D1118H,NSP6_F108del,NS8_Y73C,N_G204R,Spike_V70del,NSP12_P323L,Spike_D614G,N_D3L,Spike_S982A,N_S235F)
hCoV-19/Philippines/PH-PGC-04810/2021	EPI_ISL_1122426	2021-02-02	Asia / Philippines / Central Visayas	Human		unknown	Male	34	unknown		Original	Nasopharyngeal swab		P.3	GR	(Spike_S94F,Spike_H1101Y,Spike_G142del,Spike_E1092K,Spike_E484K,N_R203K,NSP13_L280F,NSP6_D112E,Spike_N501Y,NSP7_L71F,Spike_P681H,NSP3_D736G,NSP4_L438P,Spike_A243del,NSP13_S80G,Spike_L244del,NSP13_A368V,N_G204R,Spike_V143del,NS8_K2Q,NSP12_P323L,NS3_G49V,Spike_D614G,Spike_V1176F,Spike_L141del)
hCoV-19/Philippines/PH-PGC-04779/2021	EPI_ISL_1122430	2021-02-01	Asia / Philippines / Central Visayas	Human		unknown	Male	7	unknown		Original	Nasopharyngeal swab		P.3	GR	(NSP4_D217N,Spike_H1101Y,Spike_G142del,NSP3_S1807F,Spike_E1092K,Spike_E484K,N_R203K,NSP13_L280F,NSP6_D112E,Spike_N501Y,NSP7_L71F,Spike_P681H,NSP3_D736G,NSP4_L438P,Spike_A243del,Spike_L244del,NSP13_A368V,N_G204R,Spike_V143del,NS8_K2Q,NSP12_P323L,Spike_D614G,Spike_V1176F,Spike_L141del)
hCoV-19/Philippines/PH-PGC-04783/2021	EPI_ISL_1122434	2021-02-02	Asia / Philippines / Central Visayas	Human		unknown	Male	11	unknown		Original	Nasopharyngeal swab		P.3	GR	(Spike_S94F,Spike_H1101Y,Spike_G142del,Spike_E1092K,Spike_E484K,N_R203K,NSP13_L280F,NSP6_D112E,Spike_N501Y,NSP7_L71F,Spike_P681H,NSP3_D736G,NSP4_L438P,Spike_A243del,Spike_L244del,NSP13_A368V,N_G204R,Spike_V143del,NS8_K2Q,NSP12_P323L,NS3_G49V,Spike_D614G,Spike_V1176F,Spike_L141del)
hCoV-19/Philippines/PH-PGC-04784/2021	EPI_ISL_1122435	2021-02-02	Asia / Philippines / Central Visayas	Human		unknown	Male	7	unknown		Original	Nasopharyngeal swab		P.3	GR	(NSP4_D217N,Spike_H1101Y,Spike_G142del,NSP3_S1807F,Spike_E1092K,Spike_E484K,N_R203K,NSP13_L280F,NSP6_D112E,Spike_N501Y,NSP7_L71F,Spike_P681H,NSP3_D736G,NSP4_L438P,Spike_A243del,Spike_L244del,NSP13_A368V,N_G204R,Spike_V143del,NS8_K2Q,NSP12_P323L,Spike_D614G,Spike_V1176F,Spike_L141del)
hCoV-19/Philippines/PH-PGC-04792/2021	EPI_ISL_1122438	2021-02-01	Asia / Philippines / Central Visayas	Human		unknown	Male	63	unknown		Original	Nasopharyngeal swab		P.3	GR	(NSP4_D217N,Spike_H1101Y,Spike_G142del,NSP3_S1807F,Spike_E1092K,Spike_E484K,N_R203K,NSP13_L280F,NSP4_A457T,NSP6_D112E,Spike_N501Y,NSP7_L71F,Spike_P681H,NSP3_D736G,NSP4_L438P,Spike_A243del,Spike_L244del,NSP13_A368V,N_G204R,Spike_V143del,NS8_K2Q,NSP12_P323L,Spike_D614G,Spike_V1176F,Spike_L141del)
hCoV-19/Philippines/PH-PGC-04804/2021	EPI_ISL_1122445	2021-02-01	Asia / Philippines / Central Visayas	Human		unknown	Female	64	unknown		Original	Nasopharyngeal swab		P.3	GR	(NSP4_D217N,Spike_H1101Y,Spike_G142del,NSP3_S1807F,Spike_E1092K,Spike_E484K,N_R203K,NSP13_L280F,NSP6_D112E,Spike_N501Y,NSP7_L71F,Spike_P681H,NSP3_D736G,NSP4_L438P,Spike_A243del,Spike_L244del,NSP13_A368V,N_G204R,Spike_V143del,NS8_K2Q,NSP12_P323L,Spike_D614G,Spike_V1176F,Spike_L141del)
hCoV-19/Philippines/PH-PGC-04811/2021	EPI_ISL_1122449	2021-02-02	Asia / Philippines / Central Visayas	Human		unknown	Female	45	unknown		Original	Nasopharyngeal swab		P.3	GR	(Spike_S94F,Spike_H1101Y,Spike_G142del,Spike_E1092K,Spike_E484K,N_R203K,NSP13_L280F,NSP6_D112E,Spike_N501Y,NSP7_L71F,Spike_P681H,NSP3_D736G,NSP4_L438P,Spike_A243del,Spike_L244del,NSP13_A368V,N_G204R,Spike_V143del,NS8_K2Q,NSP12_P323L,NS3_G49V,Spike_D614G,Spike_V1176F,Spike_L141del)
hCoV-19/Philippines/PH-PGC-04290/2021	EPI_ISL_1122455	2021-01-23	Asia / Philippines / Davao Region	Human		unknown	Male	42	unknown		Original	Nasopharyngeal swab		P.3	GR	(NSP4_D217N,Spike_H1101Y,Spike_G142del,NSP3_S1807F,Spike_E1092K,Spike_E484K,N_R203K,NSP13_L280F,NSP6_D112E,Spike_N501Y,NSP7_L71F,Spike_P681H,NSP3_D736G,NSP4_L438P,E_N64S,Spike_A243del,Spike_L244del,NSP13_A368V,N_G204R,Spike_V143del,NS8_K2Q,NSP12_P323L,Spike_D614G,Spike_V1176F,Spike_L141del)
hCoV-19/Philippines/PH-PGC-04430/2021	EPI_ISL_1122456	2021-01-28	Asia / Philippines / National Capital Region	Human		unknown	Male	36	Active		Original	Nasopharyngeal swab		P.3	GR	(NSP4_D217N,Spike_H1101Y,Spike_G142del,NSP3_S1807F,Spike_E1092K,Spike_E484K,N_R203K,NSP13_A368V,N_G204R,NSP6_D112E,Spike_N501Y,NSP7_L71F,Spike_V143del,NS8_K2Q,NSP12_P323L,Spike_P681H,Spike_D614G,NSP3_D736G,NSP4_L438P,Spike_V1176F,Spike_L141del)
hCoV-19/Philippines/PH-PGC-04222/2021	EPI_ISL_1122457	2021-02-01	Asia / Philippines / National Capital Region	Human		unknown	Female	31	unknown		Original	Nasopharyngeal swab		P.3	GR	(NSP4_D217N,Spike_H1101Y,Spike_G142del,NSP3_S1807F,Spike_E1092K,Spike_E484K,N_R203K,NSP13_L280F,NSP6_D112E,Spike_N501Y,NSP7_L71F,Spike_P681H,NSP3_D736G,NSP4_L438P,Spike_A243del,Spike_L244del,NSP13_A368V,N_G204R,Spike_V143del,NS8_K2Q,NSP12_P323L,Spike_D614G,Spike_V1176F,Spike_L141del)
hCoV-19/Philippines/PH-PGC-02772/2021	EPI_ISL_1122458	2021-01-16	Asia / Philippines / National Capital Region	Human		unknown	Male	47	unknown		Original	Nasopharyngeal swab		P.3	GR	(NSP4_D217N,Spike_H1101Y,Spike_G142del,Spike_E1092K,Spike_E484K,N_R203K,NSP13_L280F,N_G204R,NSP6_D112E,Spike_N501Y,NSP7_L71F,Spike_V143del,NS8_K2Q,NSP12_P323L,Spike_P681H,Spike_D614G,NSP3_D736G,NSP4_L438P,Spike_V1176F,Spike_L141del)
hCoV-19/Philippines/PH-PGC-06709/2021	EPI_ISL_1213506	2021-02-08	Asia / Philippines / Central Visayas	Human			Female	32	unknown		Original	Nasopharyngeal Swab		P.3	GR	(NSP4_D217N,NSP1_M85del,Spike_H1101Y,Spike_G142del,NSP3_S1807F,Spike_E1092K,Spike_E484K,N_R203K,NSP13_L280F,NSP6_D112E,Spike_N501Y,NSP7_L71F,Spike_P681H,NSP3_D736G,NSP4_L438P,Spike_A243del,Spike_L244del,NSP13_A368V,N_G204R,Spike_V143del,NS8_K2Q,NSP12_P323L,Spike_D614G,Spike_V1176F,Spike_L141del)
hCoV-19/Philippines/PH-PGC-06695/2021	EPI_ISL_1213509	2021-02-03	Asia / Philippines / Central Visayas	Human			Male	31	unknown		Original	Nasopharyngeal Swab		P.3	GR	(NSP4_D217N,Spike_H1101Y,Spike_G142del,NSP3_S1807F,Spike_L244del,Spike_E1092K,Spike_E484K,N_R203K,NSP13_A368V,N_G204R,NSP6_D112E,Spike_N501Y,NSP7_L71F,Spike_V143del,NS8_K2Q,NSP12_P323L,Spike_P681H,Spike_D614G,NSP3_D736G,NSP4_L438P,Spike_V1176F,Spike_A243del,Spike_L141del)
hCoV-19/Philippines/PH-PGC-06708/2021	EPI_ISL_1213511	2021-02-08	Asia / Philippines / Central Visayas	Human			Male	32	unknown		Original	Nasopharyngeal Swab		P.3	GR	(NSP4_D217N,Spike_H1101Y,Spike_G142del,NSP3_S1807F,Spike_E1092K,Spike_E484K,N_R203K,NSP13_L280F,NSP6_D112E,Spike_N501Y,NSP7_L71F,Spike_P681H,NSP3_D736G,NSP4_L438P,Spike_A243del,Spike_L244del,NSP13_A368V,N_G204R,Spike_V143del,NS8_K2Q,NSP12_P323L,Spike_D614G,Spike_V1176F,Spike_L141del)
hCoV-19/Philippines/PH-PGC-06706/2021	EPI_ISL_1213513	2021-02-08	Asia / Philippines / Central Visayas	Human			Male	39	unknown		Original	Nasopharyngeal Swab		P.3	GR	(NSP4_D217N,Spike_H1101Y,Spike_G142del,NSP3_S1807F,Spike_E1092K,Spike_E484K,N_R203K,NSP13_L280F,NSP6_D112E,Spike_N501Y,NSP7_L71F,Spike_P681H,NSP3_D736G,NSP4_L438P,Spike_A243del,Spike_L244del,NSP13_A368V,N_G204R,Spike_V143del,NS8_K2Q,NSP12_P323L,Spike_D614G,Spike_V1176F,Spike_L141del)
hCoV-19/Philippines/PH-PGC-06705/2021	EPI_ISL_1213514	2021-02-05	Asia / Philippines / Central Visayas	Human			Female	29	unknown		Original	Nasopharyngeal Swab		P.3	GR	(NSP4_D217N,Spike_H1101Y,Spike_G142del,NSP3_S1807F,Spike_E1092K,N_S194L,Spike_E484K,N_R203K,NSP13_L280F,NSP6_D112E,Spike_N501Y,NSP7_L71F,Spike_P681H,NSP3_D736G,NSP4_L438P,Spike_A243del,Spike_L244del,NSP13_A368V,N_G204R,Spike_V143del,NS8_K2Q,NSP12_P323L,Spike_D614G,Spike_V1176F,Spike_L141del)
hCoV-19/Philippines/PH-PGC-06702/2021	EPI_ISL_1213516	2021-02-05	Asia / Philippines / Central Visayas	Human			Male	30	unknown		Original	Nasopharyngeal Swab		P.3	GR	(NSP4_D217N,Spike_H1101Y,Spike_G142del,NSP3_S1807F,Spike_E1092K,Spike_E484K,N_R203K,NSP13_L280F,NSP6_D112E,Spike_N501Y,NSP7_L71F,Spike_P681H,NSP3_D736G,NSP4_L438P,Spike_A243del,Spike_L244del,NSP13_A368V,N_G204R,Spike_V143del,NS8_K2Q,NSP12_P323L,Spike_D614G,Spike_V1176F,Spike_L141del)
hCoV-19/Philippines/PH-PGC-06694/2021	EPI_ISL_1213518	2021-02-03	Asia / Philippines / Central Visayas	Human			Female	40	unknown		Original	Nasopharyngeal Swab		P.3	GR	(NSP4_D217N,Spike_H1101Y,Spike_G142del,NSP3_S1807F,Spike_L244del,Spike_E1092K,Spike_E484K,N_R203K,NSP13_A368V,N_G204R,NSP6_D112E,Spike_N501Y,NSP7_L71F,Spike_V143del,NS8_K2Q,NSP12_P323L,Spike_P681H,Spike_D614G,NSP3_D736G,NSP4_L438P,Spike_V1176F,Spike_A243del,Spike_L141del)
hCoV-19/Philippines/PH-PGC-06699/2021	EPI_ISL_1213524	2021-02-04	Asia / Philippines / Central Visayas	Human			Male	47	unknown		Original	Nasopharyngeal Swab		P.3	GR	(NSP4_D217N,Spike_H1101Y,Spike_G142del,NSP3_S1807F,Spike_E1092K,Spike_E484K,N_R203K,NSP13_L280F,NSP6_D112E,Spike_N501Y,NSP7_L71F,Spike_P681H,NSP3_D736G,NSP4_L438P,Spike_A243del,Spike_L244del,NSP13_A368V,N_G204R,Spike_V143del,NS8_K2Q,NSP12_P323L,Spike_D614G,Spike_V1176F,Spike_L141del)
hCoV-19/Philippines/PH-PGC-06701/2021	EPI_ISL_1213526	2021-02-05	Asia / Philippines / Central Visayas	Human			Male	49	unknown		Original	Nasopharyngeal Swab		P.3	GR	(NSP4_D217N,Spike_H1101Y,Spike_G142del,NSP3_S1807F,Spike_E1092K,Spike_E484K,N_R203K,NSP13_L280F,NSP6_D112E,Spike_N501Y,NSP7_L71F,Spike_P681H,NSP3_D736G,NSP4_L438P,Spike_A243del,Spike_L244del,NSP13_A368V,N_G204R,Spike_L24S,Spike_V143del,NS8_K2Q,NSP12_P323L,Spike_D614G,Spike_V1176F,Spike_L141del)
hCoV-19/Philippines/PH-PGC-06710/2021	EPI_ISL_1213528	2021-02-08	Asia / Philippines / Central Visayas	Human			Male	37	unknown		Original	Nasopharyngeal Swab		P.3	GR	(NSP4_D217N,Spike_H1101Y,Spike_G142del,NSP3_S1807F,Spike_E1092K,Spike_E484K,N_R203K,NSP13_L280F,NSP6_D112E,Spike_N501Y,NSP7_L71F,Spike_P681H,NSP3_D736G,NSP4_L438P,Spike_A243del,Spike_L244del,NSP13_A368V,N_G204R,Spike_V143del,NS8_K2Q,NSP12_P323L,Spike_D614G,Spike_V1176F,Spike_L141del)
hCoV-19/Philippines/PH-PGC-06704/2021	EPI_ISL_1213530	2021-02-05	Asia / Philippines / Central Visayas	Human			Female	41	unknown		Original	Nasopharyngeal Swab		P.3	GR	(NSP4_D217N,Spike_H1101Y,Spike_G142del,NSP3_S1807F,Spike_E1092K,Spike_E484K,N_R203K,NSP6_D112E,Spike_N501Y,NSP7_L71F,Spike_P681H,NSP3_D736G,NSP4_L438P,Spike_A243del,Spike_L244del,NSP13_A368V,N_G204R,Spike_V143del,NS8_K2Q,NSP12_P323L,Spike_D614G,Spike_V1176F,Spike_L141del)
hCoV-19/Philippines/PH-PGC-06696/2021	EPI_ISL_1213531	2021-02-03	Asia / Philippines / Central Visayas	Human			Male	43	unknown		Original	Nasopharyngeal Swab		P.3	GR	(NSP4_D217N,Spike_H1101Y,Spike_G142del,NSP3_S1807F,Spike_E1092K,Spike_E484K,N_R203K,NSP13_L280F,NSP6_D112E,Spike_N501Y,NSP7_L71F,Spike_P681H,NSP3_D736G,NSP4_L438P,Spike_A243del,Spike_L244del,NSP13_A368V,N_G204R,Spike_V143del,NS8_K2Q,NSP12_P323L,Spike_D614G,Spike_V1176F,Spike_L141del)
hCoV-19/Philippines/PH-PGC-06610/2021	EPI_ISL_1213537	2021-02-15	Asia / Philippines / Central Visayas	Human			Female	38	unknown		Original	Nasopharyngeal Swab		P.3	GR	(NSP4_D217N,Spike_H1101Y,Spike_G142del,NSP3_S1807F,Spike_E1092K,Spike_E484K,N_R203K,NSP13_L280F,NSP6_D112E,Spike_N501Y,NSP7_L71F,Spike_P681H,NSP3_D736G,NSP4_L438P,Spike_A243del,Spike_L244del,NSP13_A368V,N_G204R,Spike_V143del,NS8_K2Q,NSP12_P323L,NSP12_D154Y,Spike_D614G,Spike_V1176F,Spike_L141del)
hCoV-19/Philippines/PH-PGC-06622/2021	EPI_ISL_1213540	2021-02-09	Asia / Philippines / Central Visayas	Human			Male	23	unknown		Original	Nasopharyngeal Swab		P.3	GR	(NSP4_D217N,Spike_H1101Y,Spike_G142del,NSP3_S1807F,Spike_E1092K,Spike_E484K,N_R203K,NSP13_L280F,NSP6_D112E,Spike_N501Y,NSP7_L71F,Spike_P681H,NSP3_D736G,NSP4_L438P,Spike_A243del,Spike_L244del,NSP3_R748K,NSP13_A368V,N_G204R,Spike_V143del,NSP12_K478N,NS8_K2Q,NSP12_P323L,Spike_D614G,Spike_V1176F,Spike_L141del)
hCoV-19/Philippines/PH-PGC-06672/2021	EPI_ISL_1213542	2021-02-14	Asia / Philippines / Central Visayas	Human			Female	17	unknown		Original	Nasopharyngeal Swab		P.3	GR	(NSP4_D217N,Spike_H1101Y,Spike_G142del,NSP3_S1807F,Spike_E1092K,Spike_E484K,N_R203K,NS3_L53F,NSP13_L280F,NSP6_D112E,Spike_N501Y,NSP7_L71F,Spike_P681H,NSP3_D736G,NSP4_L438P,Spike_A243del,Spike_L244del,NSP13_A368V,N_G204R,Spike_V143del,NS8_K2Q,NSP12_P323L,Spike_D614G,Spike_V1176F,Spike_L141del)
hCoV-19/Philippines/PH-PGC-06627/2021	EPI_ISL_1213546	2021-02-09	Asia / Philippines / Central Visayas	Human			Male	15	unknown		Original	Nasopharyngeal Swab		P.3	GR	(NSP4_D217N,Spike_H1101Y,Spike_G142del,NSP3_S1807F,Spike_E1092K,Spike_E484K,N_R203K,NSP13_L280F,NSP6_D112E,Spike_N501Y,NSP7_L71F,Spike_P681H,NSP3_D736G,NSP4_L438P,Spike_A243del,Spike_L244del,NSP3_R748K,NSP13_A368V,N_G204R,Spike_V143del,NSP12_K478N,NS8_K2Q,NSP12_P323L,Spike_D614G,Spike_V1176F,Spike_L141del)
hCoV-19/Philippines/PH-PGC-06671/2021	EPI_ISL_1213549	2021-02-14	Asia / Philippines / Central Visayas	Human			Male	15	unknown		Original	Nasopharyngeal Swab		P.3	GR	(NSP4_D217N,Spike_H1101Y,Spike_G142del,NSP3_S1807F,Spike_E1092K,Spike_E484K,N_R203K,NS3_L53F,NSP13_L280F,NSP6_D112E,Spike_N501Y,NSP7_L71F,Spike_P681H,NSP3_D736G,NSP4_L438P,Spike_A243del,Spike_L244del,NSP13_A368V,N_G204R,Spike_V143del,NS8_K2Q,NSP12_P323L,Spike_D614G,Spike_V1176F,Spike_L141del)
hCoV-19/Philippines/PH-PGC-06669/2021	EPI_ISL_1213554	2021-02-16	Asia / Philippines / Central Visayas	Human			Male	33	unknown		Original	Nasopharyngeal Swab		P.3	GR	(NSP4_D217N,Spike_Q52H,Spike_H1101Y,Spike_G142del,NSP3_S1807F,NSP4_T327I,Spike_E1092K,Spike_E484K,N_R203K,NSP13_L280F,NSP6_D112E,Spike_N501Y,NSP7_L71F,Spike_P681H,NSP3_D736G,NSP4_L438P,NSP14_T16I,Spike_A243del,Spike_L244del,NSP13_A368V,N_G204R,Spike_V143del,NS8_K2Q,NSP12_P323L,Spike_D614G,Spike_V1176F,Spike_L141del)
hCoV-19/Philippines/PH-PGC-06612/2021	EPI_ISL_1213558	2021-02-15	Asia / Philippines / Central Visayas	Human			Female	6	unknown		Original	Nasopharyngeal Swab		P.3	GR	(NSP4_D217N,Spike_H1101Y,Spike_G142del,NSP3_S1807F,Spike_E1092K,Spike_E484K,N_R203K,NSP13_L280F,NSP6_D112E,Spike_N501Y,NSP7_L71F,Spike_P681H,NSP3_D736G,NSP4_L438P,Spike_A243del,Spike_L244del,NSP13_A368V,N_G204R,Spike_V143del,NS8_K2Q,NSP12_P323L,Spike_D614G,Spike_V1176F,Spike_L141del)
hCoV-19/Philippines/PH-PGC-06399/2021	EPI_ISL_1213563	2021-02-13	Asia / Philippines / Soccsksargen	Human			Male	25	unknown		Original	Nasopharyngeal Swab		P.3	GR	(NSP4_D217N,Spike_H1101Y,Spike_G142del,NSP3_S1807F,Spike_E1092K,NS8_Q18stop,Spike_E484K,N_R203K,NSP13_L280F,NSP6_D112E,Spike_N501Y,NSP7_L71F,Spike_P681H,NSP3_D736G,NSP4_L438P,NSP2_S358L,Spike_A243del,Spike_L244del,NSP13_A368V,N_G204R,Spike_V143del,NS8_K2Q,NSP12_P323L,Spike_D614G,Spike_V1176F,Spike_L141del)
hCoV-19/Philippines/PH-PGC-06232/2021	EPI_ISL_1213565	2021-02-13	Asia / Philippines / National Capital Region	Human			Female	54	Active		Original	Nasopharyngeal Swab		P.3	GR	(NSP4_D217N,Spike_H1101Y,Spike_G142del,NSP3_S1807F,Spike_E1092K,Spike_E484K,N_R203K,NSP13_L280F,NSP6_D112E,Spike_N501Y,NSP7_L71F,Spike_P681H,NSP3_D736G,NSP4_L438P,Spike_A243del,Spike_L244del,NSP13_A368V,N_G204R,Spike_V143del,NS8_K2Q,NSP12_P323L,Spike_D614G,Spike_V1176F,Spike_L141del)
hCoV-19/Philippines/PH-PGC-06233/2021	EPI_ISL_1213566	2021-02-13	Asia / Philippines / National Capital Region	Human			Female	19	Active		Original	Nasopharyngeal Swab		P.3	GR	(NSP4_D217N,NSP15_V148F,Spike_H1101Y,Spike_G142del,NSP3_S1807F,Spike_E1092K,Spike_E484K,N_R203K,NSP13_L280F,NSP6_D112E,Spike_N501Y,NSP7_L71F,Spike_P681H,NSP3_D736G,NSP4_L438P,Spike_A243del,Spike_L244del,NSP13_A368V,N_G204R,Spike_V143del,NS8_K2Q,NSP12_P323L,Spike_D614G,Spike_V1176F,Spike_L141del)
hCoV-19/Philippines/PH-PGC-03940/2021	EPI_ISL_1213568	2021-01-26	Asia / Philippines / National Capital Region	Human			Male	47	unknown		Original	Nasopharyngeal Swab		P.3	GR	(NSP4_D217N,Spike_H1101Y,Spike_G142del,NSP3_S1807F,Spike_E1092K,Spike_E484K,N_R203K,NSP13_L280F,NSP2_R52H,NSP6_D112E,Spike_N501Y,NSP7_L71F,Spike_P681H,NSP3_D736G,NSP4_L438P,Spike_A243del,Spike_L244del,NSP13_A368V,N_G204R,Spike_V143del,NS8_K2Q,NSP12_P323L,Spike_D614G,Spike_V1176F,Spike_L141del)
hCoV-19/Philippines/PH-PGC-05346/2021	EPI_ISL_1213569	2021-02-06	Asia / Philippines / National Capital Region	Human			Male	28	Active		Original	Nasopharyngeal Swab		P.3	GR	(NSP4_D217N,Spike_H1101Y,Spike_G142del,NSP3_Y952C,NSP3_S1807F,Spike_E1092K,Spike_E484K,N_R203K,NSP13_L280F,NSP6_D112E,Spike_N501Y,NSP7_L71F,Spike_P681H,NSP3_D736G,NSP4_L438P,Spike_A243del,Spike_L244del,NSP13_A368V,N_G204R,Spike_V143del,NS8_K2Q,NSP12_P323L,Spike_D614G,Spike_V1176F,Spike_L141del)
hCoV-19/Philippines/PH-PGC-05004/2021	EPI_ISL_1213571	2021-01-17	Asia / Philippines / Central Visayas	Human			Male	5	Recovered		Original	Nasopharyngeal Swab		P.3	GR	(NSP4_D217N,Spike_H1101Y,Spike_G142del,NSP3_S1807F,Spike_E1092K,Spike_E484K,N_R203K,NSP13_L280F,NSP6_D112E,NS3_A110S,Spike_N501Y,NSP7_L71F,Spike_P681H,NSP3_D736G,NSP4_L438P,Spike_A243del,Spike_L244del,NSP3_Q995R,NSP13_A368V,N_G204R,Spike_V143del,NS8_K2Q,NSP12_P323L,Spike_D614G,Spike_V1176F,Spike_L141del)
hCoV-19/Philippines/PH-PGC-07648/2021	EPI_ISL_1213574	2021-02-22	Asia / Philippines / National Capital Region	Human			Female	38	unknown		Original	Nasopharyngeal Swab		P.3	GR	(NSP4_D217N,Spike_H1101Y,Spike_G142del,NSP3_S1807F,NSP3_V473F,Spike_E1092K,Spike_E484K,N_R203K,NSP13_L280F,NSP6_D112E,Spike_N501Y,NSP7_L71F,Spike_P681H,NSP3_D736G,NSP4_L438P,NSP3_S533G,Spike_A243del,Spike_L244del,NSP7_L14F,NSP13_A368V,N_G204R,Spike_V143del,NS8_K2Q,NSP12_P323L,Spike_D614G,Spike_V1176F,Spike_L141del)
hCoV-19/Philippines/PH-PGC-07628/2021	EPI_ISL_1213576	2021-02-19	Asia / Philippines / National Capital Region	Human			Male	24	unknown		Original	Nasopharyngeal Swab		P.3	GR	(NSP4_D217N,Spike_H1101Y,Spike_G142del,NSP3_S1807F,Spike_E1092K,Spike_E484K,N_R203K,NSP6_D112E,Spike_N501Y,NSP7_L71F,Spike_P681H,NSP3_D736G,NSP4_L438P,NSP2_Q321L,Spike_A243del,Spike_L244del,NSP13_A368V,N_G204R,Spike_V143del,NS8_K2Q,NSP12_P323L,Spike_D614G,Spike_V1176F,Spike_L141del)
hCoV-19/Philippines/PH-PGC-07888/2021	EPI_ISL_1213578	2021-02-18	Asia / Philippines / National Capital Region	Human			Male	24	unknown		Original	Nasopharyngeal Swab		P.3	GR	(NSP4_D217N,Spike_H1101Y,NSP3_Y952C,NSP3_S1807F,Spike_E1092K,Spike_E484K,N_R203K,NSP13_L280F,NSP13_A368V,N_G204R,NSP6_D112E,Spike_N501Y,NSP7_L71F,NS8_K2Q,NSP12_P323L,Spike_P681H,Spike_D614G,NSP3_D736G,NSP4_L438P,Spike_V1176F)
hCoV-19/Philippines/PH-PGC-06992/2021	EPI_ISL_1213580	2021-02-20	Asia / Philippines / National Capital Region	Human			unknown	31	Active		Original	Nasopharyngeal Swab		P.3	GR	(NSP4_D217N,Spike_H1101Y,Spike_G142del,NSP3_S1807F,Spike_E1092K,Spike_E484K,N_R203K,NSP4_L15F,NSP13_L280F,NSP6_D112E,Spike_N501Y,NSP7_L71F,Spike_P681H,NSP3_D736G,NSP4_L438P,Spike_A243del,Spike_L244del,NSP13_A368V,N_G204R,Spike_V143del,NS8_K2Q,NSP12_P323L,Spike_D614G,Spike_V1176F,Spike_L141del)
hCoV-19/Philippines/PH-PGC-06391/2021	EPI_ISL_1213581	2021-02-14	Asia / Philippines / Central Visayas	Human			Female	30	Active		Original	Nasopharyngeal Swab	With History of Travel: TURKEY	P.3	GR	(NSP4_D217N,Spike_H1101Y,Spike_G142del,NSP3_S1807F,Spike_E1092K,Spike_E484K,N_R203K,NSP4_S483F,NSP6_D112E,Spike_N501Y,NSP7_L71F,Spike_P681H,NSP3_D736G,NSP4_L438P,Spike_A243del,Spike_L244del,E_V49L,NSP3_T424I,NSP13_A368V,N_G204R,Spike_V143del,NS8_K2Q,NSP12_P323L,Spike_D614G,Spike_V1176F,Spike_L141del)
hCoV-19/Philippines/PH-PGC-04909/2021	EPI_ISL_1213583	2021-02-03	Asia / Philippines / Western Visayas	Human			Male	53	Active		Original	Nasopharyngeal Swab		P.3	GR	(NSP4_D217N,Spike_H1101Y,Spike_G142del,NSP3_S1807F,Spike_E1092K,Spike_E484K,N_R203K,NSP13_L280F,NS3_S26L,NSP6_D112E,Spike_N501Y,NSP7_L71F,Spike_P681H,NSP3_D736G,NSP4_L438P,Spike_A243del,Spike_L244del,NSP13_A368V,N_G204R,NSP3_V765F,NSP14_E295G,Spike_V143del,NS8_K2Q,NSP12_P323L,Spike_D614G,Spike_V1176F,NSP12_K59N,Spike_L141del)
hCoV-19/Philippines/PH-PGC-07851/2021	EPI_ISL_1213585	2021-02-24	Asia / Philippines / Calabarzon	Human			Male	27	unknown		Original	Nasopharyngeal Swab		P.3	GR	(NSP4_D217N,Spike_H1101Y,Spike_G142del,NSP3_S1807F,Spike_E1092K,Spike_E484K,N_R203K,NSP13_L280F,NSP6_D112E,Spike_N501Y,NSP7_L71F,Spike_P681H,NSP3_D736G,NSP4_L438P,Spike_A243del,Spike_L244del,NSP13_A368V,N_G204R,Spike_V143del,NS8_K2Q,NSP12_P323L,Spike_D614G,Spike_V1176F,Spike_L141del)
hCoV-19/Philippines/PH-PGC-07013/2021	EPI_ISL_1213588	2021-02-18	Asia / Philippines / National Capital Region	Human			Female	26	Active		Original	Nasopharyngeal Swab		P.3	GR	(NSP4_D217N,Spike_H1101Y,Spike_G142del,NSP3_Y952C,NSP3_S1807F,Spike_E1092K,Spike_E484K,N_R203K,NSP6_D112E,Spike_N501Y,NSP7_L71F,Spike_P681H,NSP3_D736G,NSP4_L438P,Spike_A243del,Spike_L244del,NSP13_A368V,N_G204R,Spike_V143del,NS8_K2Q,NSP12_P323L,Spike_D614G,Spike_V1176F,Spike_L141del)
hCoV-19/Philippines/026/2020	EPI_ISL_410302	2020-01-26	Asia / Philippines	Human			unknown	unknown	unknown		unknown			None	O	()
hCoV-19/Philippines/026N/2020	EPI_ISL_410314	2020-02-06	Asia / Philippines	Human			unknown	unknown	unknown		unknown			None	O	()
hCoV-19/Philippines/025N/2020	EPI_ISL_410344	2020-01-26	Asia / Philippines	Human			unknown	unknown	unknown		unknown			None	O	()
hCoV-19/Philippines/022N/2020	EPI_ISL_410345	2020-01-23	Asia / Philippines	Human			unknown	unknown	unknown		unknown			None	O	()
hCoV-19/Philippines/PGC03/2020	EPI_ISL_434555	2020-03-26	Asia / Philippines / Manila	Human			Male	56	unknown		Original			B.6	O	(NSP12_A97V,NSP3_T1198K,NS3_L219W,N_P13L,M_M109I,NSP6_L37F,NSP3_T1590I)
hCoV-19/Philippines/PGC06/2020	EPI_ISL_434558	2020-03-28	Asia / Philippines / Manila	Human			Male	42	unknown		Original			B.6	O	(NSP12_A97V,NSP3_T1198K,NS3_S74F,N_P13L,NSP6_L37F)
hCoV-19/Philippines/UPMNIH_C1/2020	EPI_ISL_634976	2020-07	Asia / Philippines	Human			unknown	unknown	unknown		Original	Nasopharyngeal swab		B.1.1.63	GR	(NSP2_A355V,NSP10_T51I,N_R203K,Spike_E1202Q,NSP3_T656I,N_G204R,NS8_E106stop,NSP12_P323L,Spike_D614G,Spike_S12F)
