Accession ID	Collection date	Submission date	Location
EPI_ISL_1081810	2021-01-07	2021-02-26	Asia / Philippines / National Capital Region
EPI_ISL_1081811	2021-01-12	2021-02-26	Asia / Philippines / National Capital Region
EPI_ISL_1081812	2021-01-16	2021-02-26	Asia / Philippines / National Capital Region
EPI_ISL_1081814	2021-01-16	2021-02-26	Asia / Philippines / National Capital Region
EPI_ISL_1081815	2021-01-17	2021-02-26	Asia / Philippines / National Capital Region
EPI_ISL_1081816	2021-01-17	2021-02-26	Asia / Philippines / National Capital Region
EPI_ISL_1081821	2021-01-19	2021-02-26	Asia / Philippines / Central Visayas
EPI_ISL_1081822	2021-01-24	2021-02-26	Asia / Philippines / Cordillera Administrative Region
EPI_ISL_1081823	2021-01-21	2021-02-26	Asia / Philippines / Cordillera Administrative Region
EPI_ISL_1081824	2021-01-13	2021-02-26	Asia / Philippines / Cordillera Administrative Region
EPI_ISL_1081825	2021-01-11	2021-02-26	Asia / Philippines / Cordillera Administrative Region
EPI_ISL_1081826	2021-01-16	2021-02-26	Asia / Philippines / Cordillera Administrative Region
EPI_ISL_1081830	2021-01-24	2021-02-26	Asia / Philippines / National Capital Region
EPI_ISL_1081831	2021-01-31	2021-02-26	Asia / Philippines / Central Luzon
EPI_ISL_1122426	2021-02-02	2021-03-03	Asia / Philippines / Central Visayas
EPI_ISL_1122430	2021-02-01	2021-03-03	Asia / Philippines / Central Visayas
EPI_ISL_1122434	2021-02-02	2021-03-03	Asia / Philippines / Central Visayas
EPI_ISL_1122435	2021-02-02	2021-03-03	Asia / Philippines / Central Visayas
EPI_ISL_1122438	2021-02-01	2021-03-03	Asia / Philippines / Central Visayas
EPI_ISL_1122445	2021-02-01	2021-03-03	Asia / Philippines / Central Visayas
EPI_ISL_1122449	2021-02-02	2021-03-03	Asia / Philippines / Central Visayas
EPI_ISL_1122455	2021-01-23	2021-03-03	Asia / Philippines / Davao Region
EPI_ISL_1122456	2021-01-28	2021-03-03	Asia / Philippines / National Capital Region
EPI_ISL_1122457	2021-02-01	2021-03-03	Asia / Philippines / National Capital Region
EPI_ISL_1122458	2021-01-16	2021-03-03	Asia / Philippines / National Capital Region
EPI_ISL_1213506	2021-02-08	2021-03-11	Asia / Philippines / Central Visayas
EPI_ISL_1213509	2021-02-03	2021-03-11	Asia / Philippines / Central Visayas
EPI_ISL_1213511	2021-02-08	2021-03-11	Asia / Philippines / Central Visayas
EPI_ISL_1213513	2021-02-08	2021-03-11	Asia / Philippines / Central Visayas
EPI_ISL_1213514	2021-02-05	2021-03-11	Asia / Philippines / Central Visayas
EPI_ISL_1213516	2021-02-05	2021-03-11	Asia / Philippines / Central Visayas
EPI_ISL_1213518	2021-02-03	2021-03-11	Asia / Philippines / Central Visayas
EPI_ISL_1213524	2021-02-04	2021-03-11	Asia / Philippines / Central Visayas
EPI_ISL_1213526	2021-02-05	2021-03-11	Asia / Philippines / Central Visayas
EPI_ISL_1213528	2021-02-08	2021-03-11	Asia / Philippines / Central Visayas
EPI_ISL_1213530	2021-02-05	2021-03-11	Asia / Philippines / Central Visayas
EPI_ISL_1213531	2021-02-03	2021-03-11	Asia / Philippines / Central Visayas
EPI_ISL_1213537	2021-02-15	2021-03-11	Asia / Philippines / Central Visayas
EPI_ISL_1213540	2021-02-09	2021-03-11	Asia / Philippines / Central Visayas
EPI_ISL_1213542	2021-02-14	2021-03-11	Asia / Philippines / Central Visayas
EPI_ISL_1213546	2021-02-09	2021-03-11	Asia / Philippines / Central Visayas
EPI_ISL_1213549	2021-02-14	2021-03-11	Asia / Philippines / Central Visayas
EPI_ISL_1213554	2021-02-16	2021-03-11	Asia / Philippines / Central Visayas
EPI_ISL_1213558	2021-02-15	2021-03-11	Asia / Philippines / Central Visayas
EPI_ISL_1213563	2021-02-13	2021-03-11	Asia / Philippines / Soccsksargen
EPI_ISL_1213565	2021-02-13	2021-03-11	Asia / Philippines / National Capital Region
EPI_ISL_1213566	2021-02-13	2021-03-11	Asia / Philippines / National Capital Region
EPI_ISL_1213568	2021-01-26	2021-03-11	Asia / Philippines / National Capital Region
EPI_ISL_1213569	2021-02-06	2021-03-11	Asia / Philippines / National Capital Region
EPI_ISL_1213571	2021-01-17	2021-03-11	Asia / Philippines / Central Visayas
EPI_ISL_1213574	2021-02-22	2021-03-11	Asia / Philippines / National Capital Region
EPI_ISL_1213576	2021-02-19	2021-03-11	Asia / Philippines / National Capital Region
EPI_ISL_1213578	2021-02-18	2021-03-11	Asia / Philippines / National Capital Region
EPI_ISL_1213580	2021-02-20	2021-03-11	Asia / Philippines / National Capital Region
EPI_ISL_1213581	2021-02-14	2021-03-11	Asia / Philippines / Central Visayas
EPI_ISL_1213583	2021-02-03	2021-03-11	Asia / Philippines / Western Visayas
EPI_ISL_1213585	2021-02-24	2021-03-11	Asia / Philippines / Calabarzon
EPI_ISL_1213588	2021-02-18	2021-03-11	Asia / Philippines / National Capital Region
EPI_ISL_410302	2020-01-26	2020-02-06	Asia / Philippines
EPI_ISL_410314	2020-02-06	2020-02-11	Asia / Philippines
EPI_ISL_410344	2020-01-26	2020-02-11	Asia / Philippines
EPI_ISL_410345	2020-01-23	2020-02-11	Asia / Philippines
EPI_ISL_434555	2020-03-26	2020-04-30	Asia / Philippines / Manila
EPI_ISL_434558	2020-03-28	2020-04-30	Asia / Philippines / Manila
EPI_ISL_634976	2020-07	2020-11-05	Asia / Philippines
